eya ;eword mme ;eword
ha ;eword useuitlhatswe ;eword
utlaitlotsa ;eword ha ;eword useuitlhatswitse ;eword
ke ;eword ya ;eword mang ;eword
etswa ;eword kae ;eword
kae ;eword
eileyatheolwa ;eword ke ;eword mang ;eword
kannete ;eword
ke ;eword ausi ;eword wahao ;eword kapa ;eword ke ;eword mme ;eword wahao ;eword
ke ;eword eng ;eword
ke ;eword toche ;eword yahao ;eword
jwale ;eword uetsang ;eword ka ;eword toche ;eword
hlobohang ;eword
uetsang ;eword ka ;eword toche ;eword
ukhantsa ;eword marung ;eword
ubatla ;eword hobonang ;eword
ke ;eword ding ;eword dintho ;eword ka ;eword mane ;eword
dikoko ;eword ka ;eword marung ;eword
koloi ;eword ya ;eword mang ;eword
koloi ;eword ya ;eword ntate ;eword wahao ;eword matebele ;eword
ke ;eword wa ;eword hokae ;eword
ke ;eword mang ;eword eo ;eword
hlobohang ;eword
ke ;eword mang ;eword eo ;eword
ke ;eword mme ;eword mang ;eword
useure ;eword ha ;eword untsebe ;eword
nna ;eword keautseba ;eword
o ;eword ralenyonya ;eword
wena ;eword u ;eword mang ;eword
nna ;eword ke ;eword mang ;eword
ha ;eword kebatle ;eword ha ;eword ure ;eword mme ;eword matankiso ;eword
ke ;eword mme ;eword mang ;eword
mme ;eword malenyona ;eword
untseuetsang ;eword hlobohang ;eword
untseuetsang ;eword
e ;eword kae ;eword
e ;eword kae ;eword hlobohang ;eword
bona ;eword letsoho ;eword le ;eword jwang ;eword
le ;eword jwang ;eword hlobohang ;eword
leabua ;eword kapa ;eword leetsang ;eword hlobohang ;eword
hlobohang ;eword we ;eword
ee ;eword hle ;eword lerekhantsetsang ;eword hantle ;eword
abuti ;eword wahao ;eword ke ;eword mang ;eword
hlobohang ;eword we ;eword
ache ;eword toche ;eword ena ;eword ee ;eword hlobohang ;eword
ake ;eword ujwetse ;eword mme ;eword matankiso ;eword hore ;eword ke ;eword bomang ;eword ba ;eword ditoutu ;eword
mojwetse ;eword na ;eword ke ;eword bomang ;eword ba ;eword ditoutu ;eword
ke ;eword wena ;eword
ere ;eword ee ;eword ha ;eword se ;eword nna ;eword mme ;eword matantiso ;eword
ke ;eword bomang ;eword
ke ;eword ba ;eword matebeleng ;eword
ramaketse ;eword
oo ;eword boramaketse ;eword
ramaketse ;eword ha ;eword se ;eword ntate ;eword wahao ;eword
le ;eword mang ;eword
ha ;eword se ;eword ntate ;eword wahao ;eword
ere ;eword ha ;eword se ;eword ntate ;eword ntate ;eword ke ;eword nosi ;eword
ha ;eword se ;eword ntate ;eword wahao ;eword ramaketse ;eword
ntate ;eword wahao ;eword ke ;eword ntate ;eword mang ;eword
ke ;eword ntate ;eword mang ;eword ntate ;eword wahao ;eword
hlobohang ;eword
ntate ;eword wahao ;eword ke ;eword mang ;eword
ntate ;eword ramaketse ;eword
hana ;eword u ;eword hlobohang ;eword mang ;eword
motiea ;eword
haeno ;eword ke ;eword kae ;eword
matieng ;eword
kenekere ;eword ke ;eword ha ;eword matsediso ;eword wa ;eword matieng ;eword
e ;eword hlobohang ;eword
hana ;eword matieng ;eword ke ;eword kae ;eword
hokae ;eword
hona ;eword moo ;eword ntlong ;eword
sheba ;eword boi ;eword boi ;eword
jwetsa ;eword mme ;eword tankiso ;eword hore ;eword ke ;eword bomang ;eword ba ;eword ditoutu ;eword
jwetsa ;eword malenyona ;eword ke ;eword bomang ;eword
mojwetse ;eword ntate ;eword ke ;eword bomang ;eword
mololo ;eword ako ;eword bo ;eword butle ;eword
ke ;eword bomang ;eword hlobohang ;eword
ere ;eword mme ;eword
ke ;eword eng ;eword ha ;eword ekare ;eword uatella ;eword tjena ;eword monna ;eword
uadumela ;eword hore ;eword uatella ;eword
ke ;eword mang ;eword eo ;eword
e ;eword ke ;eword mang ;eword
ke ;eword hlobohang ;eword mang ;eword
ntate ;eword wahao ;eword ke ;eword mang ;eword
ke ;eword mang ;eword ntate ;eword wahao ;eword
ntate ;eword ramaketse ;eword
ke ;eword ntate ;eword matlatsi ;eword
kannete ;eword
oo ;eword sisi ;eword
utladirwala ;eword kae ;eword
maotong ;eword
thabang ;eword sisi ;eword uatseba ;eword hore ;eword ke ;eword thabang ;eword hona ;eword mona ;eword
otlaurekela ;eword kobo ;eword
kannete ;eword
kapisi ;eword yona ;eword
uaebatla ;eword le ;eword yona ;eword
borikhwe ;eword
ubatla ;eword bojwang ;eword
bobotle ;eword
kannete ;eword
e ;eword utlankadima ;eword hakere ;eword
utlankadima ;eword
bojwang ;eword
ubatla ;eword bobokhutswanyane ;eword kapa ;eword bobotelele ;eword
bobotelele ;eword
ubatla ;eword potsotso ;eword
ubatlang ;eword
bobokana ;eword
potsotso ;eword
na ;eword uatseba ;eword potsotso ;eword monna ;eword
sisi ;eword le ;eword dikausi ;eword
hei ;eword he ;eword moshanyana ;eword utseba ;eword dintho ;eword tsengata ;eword underpene ;eword yona ;eword
le ;eword yona ;eword
etswanang ;eword le ;eword efe ;eword
yahao ;eword
mme ;eword mantwa ;eword ha ;eword atsamaya ;eword uetsa ;eword jwang ;eword
ake ;eword unjwetse ;eword
hana ;eword oreng ;eword ha ;eword atsamaya ;eword
ha ;eword ubatle ;eword honjwetsa ;eword
ha ;eword osarate ;eword holokisa ;eword he ;eword mora ;eword motiea ;eword
jwetsa ;eword mme ;eword matankiso ;eword
jwetsa ;eword mme ;eword matankiso ;eword ke ;eword bomang ;eword ba ;eword ditoutu ;eword
ee ;eword ska ;eword mofahla ;eword
ke ;eword mang ;eword
ke ;eword kabelo ;eword
le ;eword mang ;eword
ke ;eword diso ;eword
ke ;eword diso ;eword mona ;eword
ka ;eword moqomo ;eword
u ;eword leshano ;eword uneusehwe ;eword ke ;eword lehlohonolo ;eword
uneokene ;eword ka ;eword moqomong ;eword ha ;eword ho ;eword jwalo ;eword
wena ;eword ousehile ;eword kae ;eword moqomo ;eword
omosehile ;eword moo ;eword
mothetse ;eword keutlwe ;eword na ;eword ha ;eword autlwe ;eword bohloko ;eword
ee ;eword hle ;eword motlohele ;eword
motlohele ;eword
ee ;eword hle ;eword ke ;eword mona ;eword
moo ;eword uentse ;eword jwang ;eword
ee ;eword motloele ;eword hlobohang ;eword
ke ;eword diso ;eword
utlafola ;eword
omodihela ;eword ka ;eword moqoma ;eword omokana ;eword
ake ;eword unketsetse ;eword thapelo ;eword
ee ;eword ere ;eword ha ;eword keetsebe ;eword
etsa ;eword ntate ;eword wa ;eword rona ;eword ya ;eword mahodimong ;eword
echoo ;eword
ere ;eword ntate ;eword wa ;eword rona ;eword ya ;eword mahodimong ;eword
e ;eword ithute ;eword
ere ;eword ntate ;eword wa ;eword rona ;eword ya ;eword mahodimong ;eword
choo ;eword keutlwe ;eword
hlobohang ;eword
mme ;eword wahao ;eword ke ;eword mang ;eword
hlobohang ;eword ee ;eword
hlobohang ;eword
hlobohang ;eword mme ;eword wahao ;eword ke ;eword mang ;eword
mme ;eword wahao ;eword ke ;eword mang ;eword wena ;eword
ure ;eword ke ;eword mang ;eword
hlobohang ;eword mme ;eword wahao ;eword ke ;eword mang ;eword
ke ;eword mme ;eword manyili ;eword
uhopotse ;eword jwale ;eword
ure ;eword hana ;eword ke ;eword mang ;eword
ohahile ;eword kae ;eword
khanthe ;eword uatseba ;eword hobua ;eword hei ;eword
ohahile ;eword thabang ;eword
kliniking ;eword utlaya ;eword neng ;eword
hona ;eword tjena ;eword
kannete ;eword
ere ;eword utlaya ;eword bekeng ;eword etlang ;eword mme ;eword
bekeng ;eword etlang ;eword
eya ;eword mme ;eword
uneumpitsa ;eword uneureng ;eword
uneureng ;eword na ;eword moshanyana ;eword
sekolo ;eword ubalang ;eword hlobohang ;eword
hana ;eword ubalang ;eword sekolong ;eword
kannete ;eword
upasitse ;eword
hana ;eword na ;eword upasitse ;eword
misi ;eword wahao ;eword ke ;eword mang ;eword
urutwa ;eword ke ;eword misi ;eword patsi ;eword
uamotseba ;eword
urutwa ;eword ke ;eword misi ;eword masimpe ;eword
ake ;eword unjwetse ;eword ke ;eword misi ;eword mang ;eword
mang ;eword
khaitsedi ;eword yahao ;eword
ebe ;eword jwale ;eword oareng ;eword
njwetse ;eword hore ;eword oareng ;eword
ure ;eword oareng ;eword
ntja ;eword e ;eword teng ;eword
ontseale ;eword teng ;eword
oo ;eword hana ;eword ngwana ;eword wahae ;eword ke ;eword mang ;eword
ngwana ;eword wa ;eword masimpe ;eword
ukhannang ;eword jwale ;eword
oo ;eword ke ;eword koloi ;eword
ke ;eword yahao ;eword
dula ;eword fatse ;eword
tloha ;eword teeng ;eword ya ;eword batho ;eword
eetsang ;eword kumbakumba ;eword ya ;eword mami ;eword
uneuefuwe ;eword ke ;eword mang ;eword
nna ;eword ha ;eword unkarabe ;eword ha ;eword kere ;eword na ;eword uneuefuwe ;eword ke ;eword mang ;eword
oo ;eword ha ;eword aarabe ;eword
mololo ;eword oetsa ;eword jwang ;eword
obolayile ;eword serurubele ;eword
serurubele ;eword sa ;eword mang ;eword
mme ;eword manyili ;eword oileabolayang ;eword mane ;eword leboteng ;eword
eneele ;eword eng ;eword
eneele ;eword senqatumela ;eword
eneele ;eword letjeketjane ;eword eneele ;eword eng ;eword
eneele ;eword letjeketjane ;eword
ake ;eword ubotse ;eword mami ;eword na ;eword otsohile ;eword hamonate ;eword
umobotse ;eword hore ;eword na ;eword otsohile ;eword hamonate ;eword
mokoko ;eword wa ;eword maqau ;eword okekewadumela ;eword ha ;eword wa ;eword lapeng ;eword oaja ;eword
oaja ;eword
ha ;eword hosana ;eword mekoko ;eword
leya ;eword kae ;eword
ako ;eword umpolelle ;eword ngwana ;eword waka ;eword hlobohang ;eword
wena ;eword ebile ;eword tsahao ;eword tsee ;eword dile ;eword ngata ;eword hotlola ;eword
ere ;eword ke ;eword difeng ;eword rakhadi ;eword
ena ;eword ya ;eword mme ;eword manyili ;eword ha ;eword elle ;eword
holla ;eword ausi ;eword mamello ;eword
hlobohang ;eword sheba ;eword ka ;eword mahlo ;eword eseng ;eword ka ;eword matsoho ;eword
tlohang ;eword
tlohang ;eword mono ;eword
tsamayang ;eword leyobala ;eword poone ;eword ke ;eword yane ;eword
balang ;eword poone ;eword
e ;eword kae ;eword poone ;eword
ke ;eword eng ;eword
ha ;eword se ;eword poone ;eword ke ;eword eng ;eword
ke ;eword poone ;eword ntho ;eword ena ;eword
wena ;eword ubona ;eword ele ;eword eng ;eword
di ;eword kae ;eword dipere ;eword
u ;eword mathetsi ;eword hle ;eword ha ;eword se ;eword pere ;eword
ke ;eword mabele ;eword
uetsa ;eword jwang ;eword
ha ;eword uatena ;eword phenti ;eword moo ;eword wena ;eword
e ;eword kae ;eword
sheba ;eword
ere ;eword ee ;eword rakhadi ;eword ha ;eword ketenne ;eword phenti ;eword nna ;eword ketenne ;eword underpene ;eword
e ;eword kae ;eword
ere ;eword e ;eword teng ;eword
uhanelang ;eword ka ;eword seeta ;eword sa ;eword mololo ;eword jwale ;eword
ullelang ;eword jwale ;eword hobane ;eword dieta ;eword tsahao ;eword ke ;eword tsena ;eword
sheba ;eword
utlahlaha ;eword ule ;eword mobe ;eword mami ;eword
bona ;eword kumbakumba ;eword eushebile ;eword
e ;eword kae ;eword
ako ;eword tloo ;eword bua ;eword le ;eword kumbakumba ;eword
seka ;eword lla ;eword
tloo ;eword ketlautlosa ;eword mamina ;eword abuti ;eword
ke ;eword sekatana ;eword
e ;eword mina ;eword haholo ;eword hape ;eword
uya ;eword kae ;eword na ;eword ngwaneso ;eword hlobohang ;eword
ake ;eword unjwetse ;eword hore ;eword na ;eword dieta ;eword uneudirekelwa ;eword ke ;eword mang ;eword
ke ;eword ausi ;eword mahlobohang ;eword
oneadireka ;eword kae ;eword
oneadireka ;eword kae ;eword
rwala ;eword ka ;eword nqane ;eword
oneadireka ;eword kae ;eword
ka ;eword levenkeleng ;eword
levenkeleng ;eword la ;eword mang ;eword
la ;eword lapeng ;eword
koloi ;eword ela ;eword ya ;eword ntate ;eword morojele ;eword eileyaetsa ;eword jwang ;eword
hana ;eword eileyaetsa ;eword jwang ;eword
hana ;eword eileyaetsa ;eword jwang ;eword koloi ;eword ela ;eword ya ;eword ntate ;eword morojele ;eword
ephethohile ;eword
ha ;eword ena ;eword mabidi ;eword
eileyaphetoha ;eword kae ;eword na ;eword ngwaneso ;eword
ha ;eword ntate ;eword koma ;eword
ele ;eword koloi ;eword ya ;eword mang ;eword
ele ;eword koloi ;eword ya ;eword mang ;eword
ntate ;eword morojele ;eword
eneeqojwa ;eword ke ;eword mang ;eword
oo ;eword eneeqojwa ;eword ke ;eword abuti ;eword lehlohonolo ;eword
le ;eword abuti ;eword tau ;eword le ;eword lebohang ;eword
ke ;eword bona ;eword baqobi ;eword ba ;eword dikoloi ;eword tsa ;eword ntate ;eword morojele ;eword
ke ;eword ka ;eword hona ;eword eilengyaphetoha ;eword
oo ;eword eya ;eword ngwaneso ;eword
eaetsa ;eword jwang ;eword ha ;eword ephetoha ;eword
ore ;eword ephethoha ;eword
he ;eword ee ;eword ke ;eword hampe ;eword he ;eword
boabuti ;eword lehlohonolo ;eword baphethotse ;eword koloi ;eword
na ;eword ukilewaqoqela ;eword mami ;eword
wareng ;eword
hola ;eword ke ;eword eng ;eword
hlobohang ;eword ke ;eword eng ;eword ntho ;eword ena ;eword e ;eword beiseneng ;eword
e ;eword beiseneng ;eword yane ;eword
sheba ;eword
ke ;eword eno ;eword beiseneng ;eword pela ;eword baa ;eword
beisene ;eword yahao ;eword e ;eword kae ;eword
e ;eword ke ;eword eng ;eword hoo ;eword ka ;eword beiseneng ;eword
hoo ;eword ka ;eword beiseneng ;eword eno ;eword engwe ;eword
moo ;eword hong ;eword ke ;eword eng ;eword
ke ;eword ya ;eword mang ;eword
tsamaya ;eword hobeha ;eword beiseneng ;eword he ;eword
ke ;eword beisene ;eword ya ;eword mang ;eword yona ;eword eo ;eword
uneunka ;eword kae ;eword
ke ;eword mang ;eword
oo ;eword ausi ;eword mahlobohang ;eword oneanka ;eword kae ;eword
oneaenka ;eword levenkeleng ;eword
le ;eword hokae ;eword
ka ;eword kae ;eword
oo ;eword ka ;eword mane ;eword ka ;eword lerakong ;eword
horekisa ;eword mang ;eword
oo ;eword ke ;eword wena ;eword
ke ;eword wena ;eword eng ;eword
basadi ;eword tlereke ;eword
ake ;eword unkhopotse ;eword
hana ;eword rakhadi ;eword wahao ;eword ke ;eword mang ;eword
ha ;eword ketsebe ;eword
e ;eword keabotsa ;eword
kere ;eword na ;eword hana ;eword ke ;eword rakhadi ;eword mang ;eword
keaubotsa ;eword kapa ;eword keauhopotsa ;eword
keetse ;eword jwang ;eword
ke ;eword rakhadi ;eword maletsabisa ;eword
ke ;eword rakhadi ;eword mang ;eword
oo ;eword ke ;eword rakhadi ;eword masetsabisa ;eword
jwale ;eword uya ;eword kae ;eword
motho ;eword jwale ;eword afetoha ;eword semumu ;eword
letladihana ;eword hle ;eword
ake ;eword uasesetsa ;eword vaskomong ;eword
kere ;eword sesetsa ;eword vaskomong ;eword
ha ;eword kere ;eword usesetse ;eword lebota ;eword
helang ;eword basadi ;eword lentseleetsang ;eword na ;eword
mahlobohang ;eword otlalenyoka ;eword
seka ;eword etlohela ;eword
seka ;eword etswara ;eword
lebapallang ;eword ka ;eword mollo ;eword
ketlauneha ;eword ha ;eword ukabua ;eword hantle ;eword
ke ;eword lengolo ;eword lahao ;eword
ungoletswe ;eword ke ;eword mang ;eword
oreng ;eword
ore ;eword kofmit ;eword
ureng ;eword
oreng ;eword ausi ;eword mahlobohang ;eword
ore ;eword kofmit ;eword
lebua ;eword sekhowa ;eword le ;eword ausi ;eword mahlobohang ;eword kofmit ;eword
utempa ;eword mang ;eword
ketlaunyoka ;eword ntho ;eword ena ;eword
