keneuoe ;eword jwale ;eword lelokoletso ;eword useuleentse ;eword jwang ;eword
lebanta ;eword le ;eword kae ;eword
e ;eword we ;eword keneuoe ;eword
uleentse ;eword jwang ;eword
we ;eword keneuoe ;eword
keneuoe ;eword
le ;eword kae ;eword lebanta ;eword
skanna ;eword lefasa ;eword maotong ;eword
manyeo ;eword na ;eword untseuutlwa ;eword
kae ;eword
hore ;eword hotlobe ;eword jwang ;eword
hoetsa ;eword jwang ;eword
ha ;eword ufasitse ;eword lebanta ;eword leotong ;eword jwale ;eword uilodula ;eword
jo ;eword
yahao ;eword e ;eword kae ;eword e ;eword keneuoe ;eword
uilewaeqeta ;eword neng ;eword basadi ;eword
uja ;eword mathe ;eword a ;eword ngwana ;eword
ao ;eword
ujang ;eword
le ;eword wena ;eword useuja ;eword lekhapetla ;eword na ;eword
yahao ;eword ke ;eword efe ;eword keneuoe ;eword
ke ;eword eng ;eword
ke ;eword eng ;eword
ke ;eword chunkama ;eword le ;eword yona ;eword
jwale ;eword untseuetsang ;eword
uneuntseuetsa ;eword jwang ;eword
hore ;eword hotlobe ;eword jwang ;eword
uenkile ;eword ake ;eword pompong ;eword
ke ;eword dichunkama ;eword
e ;eword monate ;eword
e ;eword e ;eword kae ;eword
ke ;eword eng ;eword jwale ;eword unkileng ;eword
letswa ;eword kae ;eword
tsamaya ;eword honka ;eword lekhapetla ;eword lane ;eword la ;eword namune ;eword
etlose ;eword mono ;eword
e ;eword
uletlise ;eword kwano ;eword
ulebehe ;eword mona ;eword setulong ;eword
e ;eword
e ;eword tsamaya ;eword honka ;eword baselini ;eword yane ;eword
ke ;eword yane ;eword
eauhlola ;eword na ;eword
untseuetsa ;eword jwang ;eword
eauhlola ;eword
eauhlola ;eword
jwale ;eword untseuetsang ;eword
khutlela ;eword lekokong ;eword mane ;eword
mobitse ;eword
motsose ;eword
motsose ;eword ka ;eword letsoho ;eword
motsware ;eword ka ;eword letsoho ;eword umotsose ;eword
uya ;eword kae ;eword jwale ;eword
mothibe ;eword mono ;eword akhutlele ;eword kwana ;eword
ngwana ;eword eno ;eword otlatla ;eword eya ;eword lekokong ;eword kwana ;eword
ngwana ;eword eno ;eword otlathula ;eword dintho ;eword
mokhutlise ;eword kwana ;eword
uya ;eword kae ;eword
oaubitsa ;eword keneuoe ;eword kwana ;eword
uabaleha ;eword
motlohele ;eword tsamaya ;eword homobitsa ;eword
mobitse ;eword
ke ;eword eng ;eword jwale ;eword lemoetsang ;eword hei ;eword
lesekabapalla ;eword ka ;eword tlung ;eword
keneuoe ;eword
untseuetsang ;eword na ;eword manyeo ;eword
uya ;eword hae ;eword
tsoha ;eword keitse ;eword utlorobala ;eword
tsoha ;eword utlorobala ;eword haeba ;eword utswerwe ;eword ke ;eword boroko ;eword mme ;eword manyeo ;eword
rola ;eword dieta ;eword
jwale ;eword ha ;eword usarole ;eword dieta ;eword ke ;eword eng ;eword
urobala ;eword urwetse ;eword dieta ;eword ke ;eword eng ;eword
hela ;eword leatswana ;eword
ha ;eword utsebe ;eword na ;eword ubatlang ;eword athe ;eword uetsang ;eword na ;eword e ;eword
ae ;eword unkang ;eword
jwale ;eword untseuetsang ;eword
tlisa ;eword
tlisa ;eword
ha ;eword ketsebe ;eword
le ;eword kae ;eword
le ;eword kae ;eword lemao ;eword
uya ;eword kae ;eword
uentse ;eword jwang ;eword
kwala ;eword monyako ;eword
wena ;eword nkhono ;eword tlisa ;eword lemao ;eword laka ;eword
ulelahlile ;eword lemao ;eword laka ;eword
e ;eword e ;eword ke ;eword yane ;eword hle ;eword
ae ;eword uhata ;eword uya ;eword kae ;eword jwale ;eword
e ;eword eana ;eword
ae ;eword khale ;eword kere ;eword udule ;eword ka ;eword dibono ;eword
uetsa ;eword jwang ;eword
hape ;eword
e ;eword
uatsoha ;eword uarobala ;eword
uarobala ;eword uatsoha ;eword jwale ;eword
tloo ;eword eke ;eword
skana ;eword iqhwaolla ;eword wena ;eword
uqhwaela ;eword hantle ;eword ha ;eword hole ;eword jwang ;eword
ae ;eword
tloo ;eword ketlouqhwaela ;eword
tswara ;eword ngwana ;eword ka ;eword morao ;eword wena ;eword
motsware ;eword ka ;eword morao ;eword
he ;eword wena ;eword ha ;eword anahouqhwaela ;eword hantle ;eword
hei ;eword utladiha ;eword ngwana ;eword enwa ;eword
neuoe ;eword uya ;eword kae ;eword
tlohang ;eword mona ;eword
ema ;eword le ;eword wena ;eword ka ;eword mona ;eword
ka ;eword mokhorong ;eword
wena ;eword ha ;eword uthodise ;eword ngwana ;eword ke ;eword eng ;eword
tloo ;eword kwano ;eword
uahana ;eword
jwale ;eword ha ;eword unkuwa ;eword ha ;eword ketsebe ;eword hore ;eword na ;eword ure ;eword reuetseng ;eword
