keneuoe ;eword he ;eword oeisa ;eword kae ;eword keneuoe ;eword
e ;eword kae ;eword
neuoe ;eword unqhetsolele ;eword uautlwa ;eword
neuoe ;eword tlisa ;eword
nkeletseng ;eword afuwa ;eword ele ;eword ngwe ;eword
oafuwa ;eword ele ;eword ngwe ;eword
neuoe ;eword afuwa ;eword ele ;eword ngwe ;eword
nna ;eword kafuwa ;eword ele ;eword ngwe ;eword
osana ;eword le ;eword folaiti ;eword
neuoe ;eword yena ;eword ona ;eword le ;eword metsi ;eword a ;eword lewatle ;eword
le ;eword abuti ;eword mafa ;eword ona ;eword le ;eword dikarete ;eword
uiqhwaetse ;eword ka ;eword la ;eword mme ;eword wahao ;eword
lee ;eword uleqhwaetseng ;eword moseng ;eword ke ;eword la ;eword mme ;eword wahao ;eword
ke ;eword lahao ;eword
eya ;eword ke ;eword lahao ;eword le ;eword mona ;eword
kenekethetsa ;eword buka ;eword
jwale ;eword le ;eword mehwele ;eword ena ;eword ya ;eword lebekere ;eword etlaba ;eword ya ;eword rona ;eword
ebehe ;eword neuoe ;eword
etlaba ;eword ya ;eword moroa ;eword
tsaka ;eword ditlaba ;eword tsena ;eword
sefe ;eword ebe ;eword yaka ;eword
folaiti ;eword etlaba ;eword yaka ;eword
tse ;eword ka ;eword ntlong ;eword ekholo ;eword
ae ;eword utladula ;eword ha ;eword mme ;eword yane ;eword eo ;eword renengrefeta ;eword hahae ;eword
eya ;eword unchakele ;eword
ketlanka ;eword chelete ;eword
ketlaya ;eword masimong ;eword
kebekesekeletsa ;eword kele ;eword kampong ;eword
tholang ;eword keutlwe ;eword na ;eword keabitswa ;eword
dintho ;eword tsa ;eword lona ;eword neuoe ;eword etlaba ;eword tsee ;eword ka ;eword ntlong ;eword ekholo ;eword
wena ;eword utlapalamang ;eword
utlapalama ;eword pere ;eword o ;eword
neuoe ;eword udula ;eword tlasa ;eword bethe ;eword
neuoe ;eword katse ;eword etlauloma ;eword ka ;eword mono ;eword enang ;eword le ;eword madinyane ;eword
ka ;eword moo ;eword ka ;eword tlasa ;eword bethe ;eword
neuoe ;eword ke ;eword eo ;eword eseentseeungwapa ;eword
eaungwapa ;eword
kenke ;eword dijana ;eword tsena ;eword le ;eword ngwana ;eword waka ;eword
ere ;eword utloja ;eword neuoe ;eword
ke ;eword tonki ;eword renerethetsa ;eword neuoe ;eword
neuoe ;eword hatoha ;eword reala ;eword phate ;eword kaofela ;eword
hatoha ;eword neuoe ;eword reala ;eword phate ;eword kaofela ;eword
neuoe ;eword elella ;eword kwana ;eword retsebe ;eword hodula ;eword
neuoe ;eword hatoha ;eword mme ;eword adule ;eword
hakere ;eword ena ;eword le ;eword ntho ;eword ka ;eword morao ;eword
nna ;eword ketlapalama ;eword ka ;eword hare ;eword
ae ;eword uchechella ;eword kae ;eword
le ;eword rona ;eword renereile ;eword ba ;eword bakae ;eword ha ;eword relebetse ;eword emong ;eword tjee ;eword
ae ;eword keuotla ;eword ka ;eword
ha ;eword ebatle ;eword bana ;eword baitlhatswitseng ;eword
ketlauotla ;eword neuoe ;eword
ketlauotla ;eword
neuoe ;eword ketlauotla ;eword
uneunkotle ;eword haholo ;eword
ketlauotla ;eword
uneunkotle ;eword haholo ;eword
uneunkotle ;eword haholo ;eword wena ;eword neuoe ;eword
keentse ;eword jwang ;eword
nkhatohe ;eword neuoe ;eword
dula ;eword ka ;eword tlase ;eword moo ;eword
untseunthonkhela ;eword
kwala ;eword neuoe ;eword
ke ;eword kumbakumba ;eword eno ;eword ke ;eword yaka ;eword mokotlana ;eword
tlisa ;eword keaekenya ;eword kenekeentsitse ;eword
keaekenya ;eword
ntho ;eword eo ;eword keeqetang ;eword hoekenya ;eword kaofela ;eword ha ;eword yona ;eword
neuoe ;eword le ;eword wena ;eword uikapese ;eword jwalo ;eword
ntho ;eword ena ;eword ehakuweng ;eword mono ;eword leboteng ;eword pela ;eword mabokose ;eword ano ;eword atsetseng ;eword tee ;eword e ;eword kliniking ;eword ke ;eword eo ;eword ausi ;eword mantso ;eword aneannehe ;eword yona ;eword
oileanneha ;eword yona ;eword are ;eword ke ;eword yaka ;eword
ampha ;eword lona ;eword lebokose ;eword leno ;eword
lataboha ;eword
kaletabola ;eword
eya ;eword ke ;eword nna ;eword yailengamontsa ;eword kamontsa ;eword
ae ;eword hle ;eword ha ;eword se ;eword eno ;eword
khwedi ;eword yaka ;eword eanngolla ;eword
ae ;eword wena ;eword uanketsisa ;eword
cheri ;eword yaka ;eword eanngolla ;eword
nke ;eword keidulele ;eword
uhulela ;eword babang ;eword
cheri ;eword yaka ;eword eanngolla ;eword
keidulele ;eword
upshatlang ;eword neuoe ;eword
tloela ;eword
neuoe ;eword utlaswaba ;eword
ae ;eword hle ;eword neuoe ;eword
u ;eword bothetsi ;eword tsena ;eword ke ;eword tsa ;eword dierekisi ;eword
ha ;eword ubone ;eword ke ;eword tsa ;eword eng ;eword
ke ;eword tsona ;eword ke ;eword tsa ;eword dierekisi ;eword
